coor_dir,amp_ratio_vs_total,freq_ratio_vs_total,damp_ratio_vs_total,phase_ratio_vs_total,dom_freq_shift_hz,dom_sigma_shift,dom_phase_shift,ref_r2,cmp_r2
coor_0,1.19805908268665,0.8730213896626706,1.0022712419161046,1.2179031540458625,-0.15837005491840644,-0.7689582674755476,0.009130264070590996,0.8015070582379386,0.6416992855601643
coor_1,1.0096038456147682,3.1479852519413067,0.6328936193192266,4.020430242177574,-0.20851013597566817,0.08588578231850519,0.10859714779445717,0.5851824241779849,0.502546234517225
coor_2,1.076010862638302,0.8015960151777337,0.7161433257166251,1.4257428895077753,0.6031033532738329,-0.3795532504956561,0.17134944449224287,0.8966827291624155,0.5622393884589956
coor_3,1.1837624789622114,0.7886378170378482,0.7527552858493226,1.184011064062032,-0.11505136151286599,-0.12802786852872214,-0.7153753596417053,0.6920795799437384,0.48633209404423744
