coor_dir,amp_ratio_vs_total,freq_ratio_vs_total,damp_ratio_vs_total,phase_ratio_vs_total,dom_freq_shift_hz,dom_sigma_shift,dom_phase_shift,ref_r2,cmp_r2
coor_0,1.360803684706381,0.8211348920505189,0.6767133270382838,1.3726282297211154,-0.004943909914255196,-0.23072892381414822,-1.045016916091533,0.9214420658713948,0.9145351528324336
coor_1,1.27355371184932,1.4655525678826609,0.41348779279966397,1.7207343446981338,0.3068493593872402,-0.39202027500009595,-0.30180030308164163,0.9752193300748804,0.9584356194400463
coor_2,0.9547055747637516,0.6318339813187458,0.16956125242181078,1.5854665828088277,0.014541134807038735,-0.038949736741018114,0.3126790069118954,0.9285170536208133,0.9021890927190528
coor_3,1.1610950952321701,0.630067461296243,0.49911540786285313,1.2346158839478767,-0.12651800433194252,-0.03920566789488368,-1.017630345170178,0.9123255786752076,0.8746011716682267
