{
  "n_pairs": 48,
  "amp_ratio_mean": 1.1878990447765123,
  "freq_ratio_mean": 1.4213918317460112,
  "damp_ratio_mean": 0.7762737210188252,
  "mean_abs_dom_freq_shift_hz": 0.43953032962597255,
  "mean_abs_dom_sigma_shift": 1.3671235209645054
}