coor_dir,amp_ratio_vs_total,freq_ratio_vs_total,damp_ratio_vs_total,dom_freq_shift_hz,dom_sigma_shift,rms_ratio_cmp_over_ref
coor_0,1.1038224671050987,0.8474965542161336,0.9976474430839958,-0.007672114292856284,-2.0264482401680657,1.0447059123009104
coor_1,0.9875417746617097,3.2281433439423957,0.617168781163791,-0.6953018142589508,-1.2912230372722167,1.11659874445274
coor_2,1.0759635197354225,0.8017795286258855,0.7163399286620643,-0.15699980964650787,-0.6310498850252431,1.0200817544781682
coor_3,1.5842684176038186,0.808147900199629,0.773938731165449,-0.06743923577147976,-0.30713381315761507,0.9933023322812278
